AOs,Drive Name,Drive Date/Time,Drive Link
Bloodsport,Town & Country Markets-Mill Creek,05/12/2025 9:30 am - 3:30 pm,https://donate.bloodworksnw.org/donor/schedules/drive_schedule/87216
Bloodsport,Northview Corporate Center,05/22/2025 9:00 am - 3:00 pm,https://donate.bloodworksnw.org/donor/schedules/drive_schedule/85997
Bloodsport,Shoreline Fire Department – Station 51,05/27/2025 9:00 am - 3:00 pm,https://donate.bloodworksnw.org/donor/schedules/drive_schedule/90217
Bloodsport,Edmonds Waterfront Center,05/27/2025 9:30 am - 3:30 pm,https://donate.bloodworksnw.org/donor/schedules/drive_schedule/78267
Bloodsport,Brighton School,05/30/2025 9:00 am - 3:00 pm,https://donate.bloodworksnw.org/donor/schedules/drive_schedule/89883
Bloodsport,Lynnwood Center,Multiple Dates,https://donate.bloodworksnw.org/donor/schedules/center/6
